id,specie_id,nome,generazione,descrizione,tipo1,tipo2,abilita_base,abilita_nascosta,altezza,peso,categoria,gruppo_uova1,gruppo_uova2,hpstat,atkstat,defstat,spatkstat,spdefstat,spdstat,immagine,debolezza1,debolezza2,debolezza3,debolezza4,debolezza5,debolezza6,debolezza7
1,1,Bulbasaur,I,"Un seme strano è stato piantato sulla sua schiena alla nascita. La pianta germoglia e cresce con questo Pokémon.",Erba,Veleno,Erbaiuto,Clorofilla,0.7,6.9,Seme,Mostro,Erba,45,49,49,65,65,45,images/pokemon_1.png,Fuoco,Ghiaccio,Volante,Psico,,,,
2,2,Ivysaur,I,"Quando la pianta sul suo dorso si gonfia, diventa più forte perché assume più sostanze nutritive.",Erba,Veleno,Erbaiuto,Clorofilla,1,13,Seme,Mostro,Erba,60,62,63,80,80,60,images/pokemon_2.png,Fuoco,Ghiaccio,Volante,Psico,,,,
3,3,Venusaur,I,"Il fiore sulla schiena di questo Pokémon sboccia quando riceve energia solare.",Erba,Veleno,Erbaiuto,Clorofilla,2,100,Seme,Mostro,Erba,80,82,83,100,100,80,images/pokemon_3.png,Fuoco,Ghiaccio,Volante,Psico,,,,
4,4,Charmander,I,"Le fiamme che bruciano alla fine della sua coda indicano la sua forza vitale. Se la coda si spegne, il Pokémon morirà.",Fuoco,,Aiutofuoco,Solarpotere,0.6,8.5,Lucertola,Mostro,Drago,39,52,43,60,50,65,images/pokemon_4.png,Terra,Roccia,Acqua,,,,,
5,5,Charmeleon,I,"Quando diventa arrabbiato, le fiamme sulla sua coda bruciano più intensamente. Non riesce a contenere la sua rabbia.",Fuoco,,Aiutofuoco,Solarpotere,1.1,19.0,Lucertola,Mostro,Drago,58,64,58,80,65,80,images/pokemon_5.png,Terra,Roccia,Acqua,,,,,
6,6,Charizard,I,"Quando vola alto nel cielo, è indistinguibile da una stella cadente. Le fiamme sulla sua coda brillano di intensità.",Fuoco,Volante,Aiutofuoco,Solarpotere,1.7,90.5,Fiamma,Mostro,Drago,78,84,78,109,85,100,images/pokemon_6.png,Roccia,Acqua,Elettro,,,,,
7,7,Squirtle,I,"Quando si ritira nel suo guscio, si contrae leggermente per difendersi dagli attacchi.",Acqua,,Acquaiuto,Copripioggia,0.5,9.0,Tartaruga,Mostro,Acqua 1,44,48,65,50,64,43,images/pokemon_7.png,Elettro,Erba,,,,,,
8,8,Wartortle,I,"La coda di Wartortle è ricoperta di un denso strato di pelliccia. Rimuoverlo provoca irritazione al Pokémon.",Acqua,,Acquaiuto,Copripioggia,1.0,22.5,Tartaruga,Mostro,Acqua 1,59,63,80,65,80,58,images/pokemon_8.png,Elettro,Erba,,,,,,
9,9,Blastoise,I,"Le sue forti spalle lo aiutano a sparare proiettili d'acqua con una forza tale da distruggere un edificio.",Acqua,,Acquaiuto,Copripioggia,1.6,85.5,Marino,Mostro,Acqua 1,79,83,100,85,105,78,images/pokemon_9.png,Elettro,Erba,,,,,,
10,10,Caterpie,I,"Per proteggersi, emette un fetore orribile da ghiandole sotto il suo corpo, aprendo enormi occhi sul dorso.",Coleottero,,Polvoscudo,Fugafacile,0.3,2.9,Baco,Coleottero,,45,30,35,20,20,45,images/pokemon_10.png,Fuoco,Volante,Roccia,,,,,
11,11,Metapod,I,"Ha un corpo rigido. Come si evolve, diventa più forte, ma anche più rigido e inabile a muoversi.",Coleottero,,Muta,Nessuna,0.7,9.9,Bozzolo,Coleottero,,50,20,55,25,25,30,images/pokemon_11.png,Fuoco,Volante,Roccia,,,,,
12,12,Butterfree,I,"L'estrusione di polvere di questo Pokémon è tossica. Gli insetti avvelenati perdono le loro forze dopo pochi minuti.",Coleottero,Volante,Insettocchi,Lentifumé,1.1,32.0,Farfalla,Coleottero,,60,45,50,90,80,70,images/pokemon_12.png,Fuoco,Elettro,Roccia,Volante,Ghiaccio,,,
13,13,Weedle,I,"Con il suo pungiglione velenoso sulla testa, Weedle tenta di proteggersi dagli attacchi riparandosi nel fogliame.",Coleottero,Veleno,Polvoscudo,Fugafacile,0.3,3.2,Insetto,Coleottero,,40,35,30,20,20,50,images/pokemon_13.png,Fuoco,Volante,Psico,Roccia,,,,
14,14,Kakuna,I,"Ha uno strato duro e molto resistente che è stato sviluppato per proteggerlo. Tuttavia, impedisce anche di muoversi.",Coleottero,Veleno,Muta,Nessuna,0.6,10.0,Insetto,Coleottero,,45,25,50,25,25,35,images/pokemon_14.png,Fuoco,Volante,Psico,Roccia,,,,
15,15,Beedrill,I,"Ha una spina velenosa sulla coda e una più lunga sul suo braccio. La spina sulla coda vengono estratte per avvelenare il nemico.",Coleottero,Veleno,Aiutinsetto,Cecchino,1.0,29.5,Velenape,Coleottero,,65,80,40,45,80,75,images/pokemon_15.png,Fuoco,Volante,Psico,Roccia,,,,
16,16,Pidgey,I,"Quando si spaventa, solleva piccole polveri delle ali per confondere il nemico. È un Pokémon molto timido.",Normale,Volante,Sguardofermo,Pettinfuori,0.3,1.8,Uccellino,Volante,,40,45,40,35,35,56,images/pokemon_16.png,Elettro,Ghiaccio,Roccia,,,,,
17,17,Pidgeotto,I,"I suoi sensi sono affinati da volare molto velocemente attraverso la foresta. Ancora meglio inseguito da un nemico.",Normale,Volante,Sguardofermo,Pettinfuori,1.1,30.0,Uccellino,Volante,,63,60,55,50,50,71,images/pokemon_17.png,Elettro,Ghiaccio,Roccia,,,,,
18,18,Pidgeot,I,"Molto abile nel volo veloce. A volte trasporta piccoli Pokémon su di esso e li trasporta in aria.",Normale,Volante,Sguardofermo,Pettinfuori,1.5,39.5,Uccellone,Volante,,83,80,75,70,70,101,images/pokemon_18.png,Elettro,Ghiaccio,Roccia,,,,,
19,19,Rattata,I,"Con i suoi incisivi rode qualsiasi cosa. Se se ne avvista uno, è probabile che in zona vivano almeno 40 esemplari.",Normale,,Tuttafretta,Acciaio,0.3,3.5,Ratto,Campo,,30,56,35,25,35,72,images/pokemon_19.png,Lotta,,,,,,,
20,20,Raticate,I,"Le sue lunghe mustache gli conferiscono un senso dell'olfatto molto acuto. È molto particolare sulla scelta del cibo.",Normale,,Fugafacile,Acciaio,0.7,18.5,Topo,Campo,,55,81,60,50,70,97,images/pokemon_20.png,Lotta,,,,,,,
21,21,Spearow,I,"Di natura diffidente, quando si sente minacciato emette un suono acuto per tenere lontani i nemici.",Normale,Volante,Sguardofermo,Cecchino,0.3,2.0,Piccolo Uccello,Volante,,40,60,30,31,31,70,images/pokemon_21.png,Elettro,Ghiaccio,Roccia,,,,,
22,22,Fearow,I,"Preferisce fare la sua casa in luoghi aperti perché non vuole essere limitato. Volerà fino all'alba se è libero.",Normale,Volante,Sguardofermo,Cecchino,1.2,38.0,Uccellone,Volante,,65,90,65,61,61,100,images/pokemon_22.png,Elettro,Ghiaccio,Roccia,,,,,
23,23,Ekans,I,"La sua forma a spirale lo rende molto agile. Anche se lo colpisci, si contorcerà per sfuggire al tuo attacco.",Veleno,,Prepotenza,Agitazione,2.0,6.9,Snake,Campo,Drago,35,60,44,40,54,55,images/pokemon_23.png,Psico,Terra,,,,,,
24,24,Arbok,I,"Il motivo sulla pancia sembra una faccia spaventosa. Al solo vederlo, i nemici più pavidi si danno alla fuga.",Veleno,,Prepotenza,Agitazione,3.5,65.0,Snake,Campo,Drago,60,85,69,65,79,80,images/pokemon_24.png,Psico,Terra,,,,,,
25,25,Pikachu,I,"Quando diversi Pikachu si riuniscono, possono generare sufficiente elettricità per causare una tempesta.",Elettro,,Statico,Parafulmine,0.4,6.0,Topo,Campo,Magico,35,55,40,50,50,90,images/pokemon_25.png,Terra,,,,,,,
26,26,Raichu,I,"Ha una speciale tasca elettrica sul petto che produce elettricità. Se diventa completamente carico, il suo volto inizierà a brillare.",Elettro,,Statico,Parafulmine,0.8,30.0,Topo,Campo,Magico,60,90,55,90,80,110,images/pokemon_26.png,Terra,,,,,,,
27,27,Sandshrew,I,"Le sue pinne laterali gli permettono di muoversi rapidamente nella sabbia. Sono anche utilizzati per la difesa.",Terra,,Sabbiavelo,Remasabbia,0.6,12.0,Topo,Campo,,50,75,85,20,30,40,images/pokemon_27.png,Acqua,Erba,Ghiaccio,,,,,
28,28,Sandslash,I,"Ha un gran numero di spine sulla schiena. Gli estrae per lanciarli a nemici che si avvicinano.",Terra,,Sabbiavelo,Remasabbia,1.0,29.5,Topo,Campo,,75,100,110,45,55,65,images/pokemon_28.png,Acqua,Erba,Ghiaccio,,,,,
29,29,Nidoran-F,I,"Anche se sono piccoli, i suoi artigli velenosi sono molto potenti. È noto per essere uno dei Pokémon più velenosi.",Veleno,,Velenopunto,Tuttafretta,0.4,7.0,Piccolo Veleno,Campo,Mostro,55,47,52,40,40,41,images/pokemon_29.png,Terra,Psico,,,,,,
30,30,Nidorina,I,"Si esercita per potenziare i suoi muscoli. È abbastanza potente da sollevare un elefante.",Veleno,,Velenopunto,Tuttafretta,0.8,20.0,Velenosetta,Sconosciuto,,70,62,67,55,55,56,images/pokemon_30.png,Terra,Psico,,,,,,
31,31,Nidoqueen,I,"Non teme di affrontare anche il Pokémon più potente. Si sente molto più sicuro quando ha un guscio di roccia.",Veleno,Terra,Velenopunto,Forzabruta,1.3,60.0,Boa,Sconosciuto,,90,92,87,75,85,76,images/pokemon_31.png,Acqua,Ghiaccio,Terra,Psico,,,,
32,32,Nidoran-M,I,"Avverte un senso di pericolo quando sente un odore sgradevole intorno a lui. La sua coda emette un odore strano per tenere lontani i nemici.",Veleno,,Velenopunto,Tuttafretta,0.5,9.0,Piccolo Veleno,Campo,Mostro,46,57,40,40,40,50,images/pokemon_32.png,Terra,Psico,,,,,,
33,33,Nidorino,I,"Difende il suo territorio dagli invasori con una forza sorprendente. Il suo corno è affilato come una lama.",Veleno,,Velenopunto,Tuttafretta,0.9,19.5,Velenosetta,Campo,Mostro,61,72,57,55,55,65,images/pokemon_33.png,Terra,Psico,,,,,,
34,34,Nidoking,I,"Lancia un veleno incredibilmente potente da quelle piccole aperture sui suoi arti. Gli permette di difendersi molto bene.",Veleno,Terra,Velentopunto,Forzabruta,1.4,62.0,Boa,Campo,Mostro,81,102,77,85,75,85,images/pokemon_34.png,Acqua,Ghiaccio,Terra,Psico,,,,
35,35,Clefairy,I,"È noto che venga attratto dalla luna splendente. Si può vedere ballare e saltare sulla luna piena tutto il giorno.",Folletto,,,Muta,0.6,7.5,Folletto,Folletto,,70,45,48,60,65,35,images/pokemon_35.png,Veleno,Acciaio,,,,,,
36,36,Clefable,I,"La sua pelliccia soffice e delicata si gonfia quando sente felicità. Il fiocco sull'orecchio può percepire i sentimenti del suo allenatore.",Folletto,,,Muta,1.3,40.0,Folletto,Folletto,,95,70,73,95,90,60,images/pokemon_36.png,Veleno,Acciaio,,,,,,
37,37,Vulpix,I,"A seconda delle circostanze, è noto per trasformarsi in varie forme. Molto diffuso nei luoghi montani.",Fuoco,,Fuocardore,Siccità,0.6,9.9,Volpe,Campo,,38,41,40,50,65,65,images/pokemon_37.png,Acqua,Terra,Roccia,,,,,
38,38,Ninetales,I,"Le nove code di Ninetales sono riempite di energia spirituale che permettono a chi le tocca di vedere il futuro.",Fuoco,,Fuocardore,Siccità,1.1,19.9,Volpe,Campo,,73,76,75,81,100,100,images/pokemon_38.png,Acqua,Terra,Roccia,,,,,
39,39,Jigglypuff,I,"Quando canta, si avvolge con l'atmosfera di sonno che emette per addormentare il nemico.",Normale,Folletto,,Amicoscudo,0.5,5.5,Palla,Magico,,115,45,20,45,25,20,images/pokemon_39.png,Veleno,Acciaio,,,,,,
40,40,Wigglytuff,I,"Ha una voce dolce, ma molto potente. Riesce a calmare anche i Pokémon più aggressivi.",Normale,Folletto,,Indagine,1.0,12.0,Palla,Magico,,140,70,45,85,50,45,images/pokemon_40.png,Veleno,Acciaio,,,,,,
41,41,Zubat,I,"Assolutamente notturno, esce fuori al crepuscolo per cibarsi di sanguisughe che vivono nei cespugli.",Veleno,Volante,Fuocodentro,Intrapasso,0.8,7.5,Pipistrello,Volante,,40,45,35,30,40,55,images/pokemon_41.png,Elettro,Ghiaccio,Psico,Roccia,,,,
42,42,Golbat,I,"Volando molto rapidamente, evita gli ostacoli senza difficoltà. Si alimenta di sangue di altri Pokémon.",Veleno,Volante,Fuocodentro,Intrapasso,1.6,55.0,Pipistrello,Volante,,75,80,70,65,75,90,images/pokemon_42.png,Elettro,Ghiaccio,Psico,Roccia,,,,
43,43,Oddish,I,"Se respiri un dolce profumo intorno, Oddish si stà probabilmente avvicinando. Possono essere trovati in luoghi ricchi di umidità.",Erba,Veleno,Clorofilla,Fugafacile,0.5,5.4,Erba,Erba,,45,50,55,75,65,30,images/pokemon_43.png,Fuoco,Ghiaccio,Volante,Psico,,,,
44,44,Gloom,I,"Esce di notte per annusare il terreno umido. L'odore pungente che si diffonde dal suo corpo fa fuggire le persone.",Erba,Veleno,Clorofilla,Fugafacile,0.8,8.6,Erba,Erba,,60,65,70,85,75,40,images/pokemon_44.png,Fuoco,Ghiaccio,Volante,Psico,,,,
45,45,Vileplume,I,"Molto diffuso nei luoghi con aria pulita. Il fiore sul suo corpo rilascia un aroma che rende le persone di buon umore.",Erba,Veleno,Clorofilla,Spargispora,1.2,18.6,Fiori,Erba,,75,80,85,110,90,50,images/pokemon_45.png,Fuoco,Ghiaccio,Volante,Psico,,,,
46,46,Paras,I,"Attacca con artigli affilati sulle sue zampe anteriori. Può iniettare veleno attraverso i suoi artigli.",Coleottero,Erba,Spargispora,Umidità,0.3,5.4,Fungo,Coleottero,Erba,35,70,55,45,55,25,images/pokemon_46.png,Fuoco,Ghiaccio,Veleno,Volante,Coleottero,Roccia,,
47,47,Parasect,I,"Sotto il fungo sul suo dorso, il suo corpo è morbido e bianco. Se il fungo cresce troppo, può indebolirsi.",Coleottero,Erba,Spargispora,Umidità,1.0,29.5,Fungo,Coleottero,Erba,60,95,80,60,80,30,images/pokemon_47.png,Fuoco,Ghiaccio,Veleno,Volante,Coleottero,Roccia,,
48,48,Venonat,I,"Vive in foreste buie e umide. Ha un veleno molto potente in piccole quantità.",Coleottero,Veleno,Insettocchi,Fugafacile,1.0,30.0,Insetto,Coleottero,,60,55,50,40,55,45,images/pokemon_48.png,Fuoco,Volante,Psico,Roccia,,,,
49,49,Venomoth,I,"Quando emette polvere velenosa dai suoi occhi, il nemico perde la vista per un breve momento.",Coleottero,Veleno,Polvoscudo,Splendicute,1.5,12.5,Farfalla,Coleottero,,70,65,60,90,75,90,images/pokemon_49.png,Fuoco,Volante,Psico,Roccia,,,,
50,50,Diglett,I,"Vive quasi interamente sottoterra. Solleva solo il naso per respirare e sentirsi in giro.",Terra,,Sabbiavelo,Silicoforza,0.2,0.8,Talpa,Campo,,10,55,25,35,45,95,images/pokemon_50.png,Acqua,Erba,Ghiaccio,,,,,
51,51,Dugtrio,I,"Può saltare molto velocemente. I suoi tre capelli possono vibrare in un'unica direzione per formulare una trivella.",Terra,,Sabbiavelo,Silicoforza,0.7,33.3,Talpa,Campo,,35,80,50,50,70,120,images/pokemon_51.png,Acqua,Erba,Ghiaccio,,,,,
52,52,Meowth,I,"È molto orgoglioso del suo nastro rosso. Il suo atteggiamento coraggioso può diventare piuttosto aggressivo.",Normale,,Raccolta,Agitazione,0.4,4.2,Gatto,Campo,,40,45,35,40,40,90,images/pokemon_52.png,Lotta,,,,,,,
53,53,Persian,I,"Cammina silenziosamente e agisce con estrema grazia. Si dice che il suo movimento è molto simile a quello di una danza.",Normale,,Scioltezza,Agitazione,1.0,32.0,Gatto,Campo,,65,70,60,65,65,115,images/pokemon_53.png,Lotta,,,,,,,
54,54,Psyduck,I,"Ha forti mal di testa che causano perdita di memoria. In tali momenti, diventa molto più forte e pericoloso.",Acqua,,Umidità,Nuotovelox,0.8,19.6,Papero,Campo,Acqua 1,50,52,48,65,50,55,images/pokemon_54.png,Erba,Elettro,,,,,,
55,55,Golduck,I,"La sua forza nel nuoto è davvero incredibile. Può facilmente nuotare nell'oceano, persino nell'oceano in burrasca.",Acqua,,Umidità,Nuotovelox,1.7,76.6,Papero,Campo,Acqua 1,80,82,78,95,80,85,images/pokemon_55.png,Erba,Elettro,,,,,,
56,56,Mankey,I,"Un Pokémon molto violento e irascibile. Quando si arrabbia, non può essere calmato.",Lotta,,Spiritovivo,Agonismo,0.5,28.0,Scimmia,Campo,,40,80,35,35,45,70,images/pokemon_56.png,Volante,Psico,Folletto,,,,,
57,57,Primeape,I,"Raggiunge la sua forma finale quando il rabbioso Mankey evolve in Primeape. Sia in grado di volare nel furioso caos.",Lotta,,Spiritovivo,Agonismo,1.0,32.0,Scimmione,Campo,,65,105,60,60,70,95,images/pokemon_57.png,Volante,Psico,Folletto,,,,,
58,58,Growlithe,I,"Spirito molto fedele e coraggioso. È amichevole con le persone e si è comportato come un cane da guardia per molto tempo.",Fuoco,,Prepotenza,Giustizia,0.7,19.0,Cucciolo,Campo,,55,70,45,70,50,60,images/pokemon_58.png,Acqua,Terra,Roccia,,,,,
59,59,Arcanine,I,"Le sue alte prestazioni nel lancio della fiamma gli hanno guadagnato la fama di leggendario guerriero.",Fuoco,,Prepotenza,Giustizia,1.9,155.0,Leggendario,Campo,,90,110,80,100,80,95,images/pokemon_59.png,Acqua,Terra,Roccia,,,,,
60,60,Poliwag,I,"La sua pelle è molto liscia. Si trova spesso galleggiante sulla superficie dell'acqua, cercando cibo.",Acqua,,Assorbacqua,Umidità,0.6,12.4,Tadpole,Acqua 1,,40,50,40,40,40,90,images/pokemon_60.png,Erba,Elettro,,,,,,
61,61,Poliwhirl,I,"La sfera sul suo ventre è morbida al tatto. Se la pressioni, puoi sentire il battito del suo cuore.",Acqua,,Assorbacqua,Umidità,1.0,20.0,Tadpole,Acqua 1,,65,65,65,50,50,90,images/pokemon_61.png,Erba,Elettro,,,,,,
62,62,Poliwrath,I,"La sua forza è superiore a quella dei combattenti più forti. Tuttavia, è sempre gentile con le persone deboli.",Acqua,Lotta,Assorbacqua,Umidità,1.3,54.0,Polpo,Acqua 1,,90,85,95,70,90,70,images/pokemon_62.png,Erba,Elettro,Volante,Psico,Folletto,,,
63,63,Abra,I,"Può usare lo stesso tipo di attacco solo una volta. Il suo corpo è completamente indifferente agli effetti della gravità.",Psico,,Sincronismo,Agitazione,0.9,19.5,Psichico,Umanoide,,25,20,15,105,55,90,images/pokemon_63.png,Coleottero,Spettro,Buio,,,,,
64,64,Kadabra,I,"Emette onde alpha che danneggiano il cervello e causano forti mal di testa. Potrebbe anche indurre una crisi epilettica.",Psico,,Sincronismo,Agitazione,1.3,56.5,Psichico,Umanoide,,40,35,30,120,70,105,images/pokemon_64.png,Coleottero,Spettro,Buio,,,,,
65,65,Alakazam,I,"Si dice che possa fare crescere cucchiai. Mangiare cibo con queste posate aumenta i poteri psichici.",Psico,,Sincronismo,Agitazione,1.5,48.0,Psichico,Umanoide,,55,50,45,135,95,120,images/pokemon_65.png,Coleottero,Spettro,Buio,,,,,
66,66,Machop,I,"Gli piace allenarsi intensamente e può sollevare pesi di oltre 1000 libbre al giorno.",Lotta,,Dentristretti,Cuordeciso,0.8,19.5,Schiacciasassi,Umanoide,,70,80,50,35,35,35,images/pokemon_66.png,Volante,Psico,Folletto,,,,,
67,67,Machoke,I,"I suoi muscoli si gonfiano sempre più quando si allena. Gli piace mostrare la sua forza a tutti.",Lotta,,Dentristretti,Cuordeciso,1.5,70.5,Lottatore,Umanoide,,80,100,70,50,60,45,images/pokemon_67.png,Volante,Psico,Folletto,,,,,
68,68,Machamp,I,"Usa le braccia per sollevare cose pesanti e rocciose, quindi usa il suo corpo per colpire il nemico.",Lotta,,Dentristretti,Cuordeciso,1.6,130.0,Lottatore,Umanoide,,90,130,80,65,85,55,images/pokemon_68.png,Volante,Psico,Folletto,,,,,
69,69,Bellsprout,I,"Afferra e digerisce persino insetti velenosi usando i suoi tre corpi. Il suo corpo è pieno di acido.",Erba,Veleno,Clorofilla,Voracità,0.7,4.0,Fiori,Erba,,50,75,35,70,30,40,images/pokemon_69.png,Fuoco,Ghiaccio,Volante,Psico,,,,
70,70,Weepinbell,I,"Assorbe i nutrienti dal suolo. Le sue radici possono espandersi 1.000 piedi in un giorno.",Erba,Veleno,Clorofilla,Voracità,1.0,6.4,Campana,Erba,,65,90,50,85,45,55,images/pokemon_70.png,Fuoco,Ghiaccio,Volante,Psico,,,,
71,71,Victreebel,I,"Attrae la preda con un dolce profumo del nettare segreto da dentro il suo fiore. Poi attacca con le sue potenti mandibole.",Erba,Veleno,Clorofilla,Voracità,1.7,15.5,Campana,Erba,,80,105,65,100,70,70,images/pokemon_71.png,Fuoco,Ghiaccio,Volante,Psico,,,,
72,72,Tentacool,I,"Rilascia veleno dai suoi filamenti sottili per difendersi dagli attacchi. Si muove nuotando con un moto oscillante.",Acqua,Veleno,Corpochiaro,Copripioggia,0.9,45.5,Tentacolo,Acqua 3,,40,40,35,50,100,70,images/pokemon_72.png,Erba,Elettro,Coleottero,Spettro,Buio,,,Elettro,Terra,Psico,,,,,
73,73,Tentacruel,I,"Nella lotta estende gli ottanta tentacoli per intrappolare il nemico in una rete velenosa.",Acqua,Veleno,Corpochiaro,Copripioggia,1.6,55.0,Tentacolo,Acqua 3,,80,70,65,80,120,100,images/pokemon_73.png,Erba,Elettro,Coleottero,Spettro,Buio,,,Elettro,Terra,Psico,,,,,
74,74,Geodude,I,"Se il corpo si rompe, la sua pietra si ricostruirà rapidamente. Tuttavia, il cervello è fatto di un materiale che non crescerà di nuovo.",Roccia,Terra,Vigore,Sabbiavelo,0.4,20.0,Roccia,Minerale,,40,80,100,30,30,20,images/pokemon_74.png,Acqua,Erba,Ghiaccio,Lotta,Terra,Acciaio,,
75,75,Graveler,I,"Raccoglie e mangia rocce. Le particelle minerali contenute nelle rocce sono trasformate in energia vitale per il suo corpo.",Roccia,Terra,Vigore,Sabbiavelo,1.0,105.0,Roccia,Minerale,,55,95,115,45,45,35,images/pokemon_75.png,Acqua,Erba,Ghiaccio,Lotta,Terra,Acciaio,,
76,76,Golem,I,"Un Pokèmon molto aggressivo. Usa tutti i suoi muscoli per lanciare pietre pesanti a nemici.",Roccia,Terra,Sconfinatezza,Vigore,1.4,300.0,Roccia,Minerale,,80,120,130,55,65,45,images/pokemon_76.png,Acqua,Erba,Ghiaccio,Lotta,Terra,Acciaio,,
77,77,Ponyta,I,"Sulla sua criniera, porta una fiamma che brucia intensamente. Viene usato come segno di forza nelle gare.",Fuoco,,Fugafacile,Corpodifuoco,1.0,30.0,Cavallo,Campo,,50,85,55,65,65,90,images/pokemon_77.png,Acqua,Terra,Roccia,,,,,
78,78,Rapidash,I,"Sa saltare ostacoli in modo dinamico. La sua scia di fuoco è un bello spettacolo che può essere visto nel buio.",Fuoco,,Fugafacile,Corpodifuoco,1.7,95.0,Cavallo,Campo,,65,100,70,80,80,105,images/pokemon_78.png,Acqua,Terra,Roccia,,,,,
79,79,Slowpoke,I,"È molto lento e pigro. Se vede qualcosa che lo spaventa, si immerge in acqua e inizia a galleggiare lentamente.",Acqua,Psico,Indifferenza,Muta,1.2,36.0,Mollusco,Mostro,Acqua 1,90,65,65,40,40,15,images/pokemon_79.png,Erba,Elettro,Coleottero,Spettro,Buio,,,
80,80,Slowbro,I,"È diventato pigro dopo la fusione con Shellder. Per questo, si accorge di poco del dolore.",Acqua,Psico,Indifferenza,Muta,1.6,78.5,Evoluzione,Mostro,Acqua 1,95,75,110,100,80,30,images/pokemon_80.png,Erba,Elettro,Coleottero,Spettro,Buio,,,
81,81,Magnemite,I,"È stato creato artificialmente. Ha l'abilità di generare elettricità, ma è anche vulnerabile ai guasti.",Elettro,Acciaio,Magnetismo,Ponderazione,0.3,6.0,Magnete,Minerale,,25,35,70,95,55,45,images/pokemon_81.png,Fuoco,Lotta,Terra,,,,,
82,82,Magneton,I,"È formato da tre Magnemite. La forza magnetica tra di loro tiene uniti questi Pokémon.",Elettro,Acciaio,Magnetismo,Ponderazione,1.0,60.0,Magnete,Minerale,,50,60,95,120,70,70,images/pokemon_82.png,Fuoco,Lotta,Terra,,,,,
83,83,Farfetch'd,I,"È stato addestrato a brandire un bastone di cipolla. Il suo colpo critico è molto potente.",Normale,Volante,Sguardofermo,Agonismo,0.8,15.0,Anatra,Volante,Campo,52,65,55,58,62,60,images/pokemon_83.png,Elettro,Ghiaccio,Roccia,,,,,
84,84,Doduo,I,"Può correre a oltre 60 miglia all'ora. La velocità lo rende un avversario difficile da catturare.",Normale,Volante,Fugafacile,Intricopiedi,1.4,39.2,Biuccello,Volante,,35,85,45,35,35,75,images/pokemon_84.png,Elettro,Ghiaccio,Roccia,,,,,
85,85,Dodrio,I,"Ha tre teste e possiede abilità di volo. Due teste dormono mentre la terza sta sveglia.",Normale,Volante,Fugafacile,Intricopiedi,1.8,85.2,Triuccello,Volante,,60,110,70,60,60,100,images/pokemon_85.png,Elettro,Ghiaccio,Roccia,,,,,
86,86,Seel,I,"La sua pelle è protetta da uno strato di grasso. Rende Seel molto agile nell'acqua, ma anche un po' lento sulla terraferma.",Acqua,,Grassospesso,Corpogelo,1.1,90.0,Otaria,Campo,Acqua 1,65,45,55,45,70,45,images/pokemon_86.png,Erba,Elettro,,,,,,
87,87,Dewgong,I,"Vive su montagne innevate. Ha una pelle spessa e grassa che lo protegge dal freddo e dal congelamento.",Acqua,Ghiaccio,Grassospesso,Corpogelo,1.7,120.0,Otaria,Campo,Acqua 1,90,70,80,70,95,70,images/pokemon_87.png,Erba,Elettro,Lotta,Roccia,,,,
88,88,Grimer,I,"Mangia spazzatura che trova in discariche e fognature. Puzza in modo tale da far girare la testa.",Veleno,,Tanfo,Velentocco,0.9,30.0,Melma,Amorfo,,80,80,50,40,50,25,images/pokemon_88.png,Terra,Psico,,,,,,
89,89,Muk,I,"Coperto di melma sudicia, è così tossico che persino le sue impronte sono velenose.",Veleno,,Tanfo,Velentocco,1.2,30.0,Melma,Amorfo,,105,105,75,65,100,50,images/pokemon_89.png,Terra,Psico,,,,,,
90,90,Shellder,I,"Molto territoriale, usa la sua conchiglia dura per proteggersi dagli attacchi esterni.",Acqua,,Guscioscudo,Copricapo,0.3,4.0,Muscoli,Acqua 3,,30,65,100,45,25,40,images/pokemon_90.png,Erba,Elettro,,,,,,
91,91,Cloyster,I,"Il suo guscio è molto resistente e non può essere forato. Attacca sparando ghiaccioli da dentro.",Acqua,Ghiaccio,Guscioscudo,Copricapo,1.5,132.5,Guscio,Acqua 3,,50,95,180,85,45,70,images/pokemon_91.png,Erba,Elettro,Lotta,Roccia,,,,
92,92,Gastly,I,"Rilascia un veleno molto potente quando si sente minacciato. L'odore rende gli avversari pietrificati.",Spettro,Veleno,Levitazione,Nessuna,1.3,0.1,Gas,Amorfo,,30,35,30,100,35,80,images/pokemon_92.png,Terra,Psico,Spettro,Buio,,,,
93,93,Haunter,I,"Ha una lunghezza di circa 1 metro. Si nasconde negli angoli per tendere imboscate ai viandanti.",Spettro,Veleno,Levitazione,Nessuna,1.6,0.1,Gas,Amorfo,,45,50,45,115,55,95,images/pokemon_93.png,Terra,Psico,Spettro,Buio,,,,
94,94,Gengar,I,"Appare improvvisamente in cimiteri scuri e case abbandonate, cercando le anime delle persone e dei Pokémon.",Spettro,Veleno,Levitazione,Nessuna,1.5,40.5,Ombra,Amorfo,,60,65,60,130,75,110,images/pokemon_94.png,Terra,Psico,Spettro,Buio,,,,
95,95,Onix,I,"Gli Onix vivono sottoterra, dove scavano tunnel che si estendono per più di 10 km di lunghezza.",Roccia,Terra,Vigore,Sottilguscio,8.8,210.0,Serpente,Minerale,,35,45,160,30,45,70,images/pokemon_95.png,Acqua,Erba,Terra,Acciaio,Lotta,Ghiaccio,,
96,96,Drowzee,I,"Si nutre di sogni dei bambini. Tira fuori il cucchiaio per cercare di catturare i sogni evanescenti dei bambini.",Psico,,Insonnia,Fuocodentro,1.0,32.4,Ipnotista,Umanoide,,60,48,45,43,90,42,images/pokemon_96.png,Colettero,Spettro,Buio,,,,,
97,97,Hypno,I,"La sua oscillazione crea una spinta invisibile che induce il sonno nei bambini e negli adulti.",Psico,,Insonnia,Fuocodentro,1.6,75.6,Ipnotista,Umanoide,,85,73,70,73,115,67,images/pokemon_97.png,Colettero,Spettro,Buio,,,,,
98,98,Krabby,I,"La sua grande pinza è molto potente. Scolpisci anche le dure rocce con esse per catturare prede.",Acqua,,Ipertaglio,Forzabruta,0.4,6.5,Cancro,Acqua 3,,30,105,90,25,25,50,images/pokemon_98.png,Erba,Elettro,,,,,,
99,99,Kingler,I,"Ha una pinza super potente. Una volta afferrato qualcosa, non lascerà mai andare.",Acqua,,Ipertaglio,Forzabruta,1.3,60.0,Garanzia,Acqua3,,55,130,115,50,50,75,images/pokemon_99.png,Erba,Elettro,,,,,,
100,100,Voltorb,I,"Mimic incredibilmente simile a una Poké Ball. Scoppia quando viene disturbato o lanciato.",Elettro,,Antisuono,Scoppio,0.5,10.4,Palla,Minerale,,40,30,50,55,55,100,images/pokemon_100.png,Terra,,,,,,,
101,101,Electrode,I,"Rotola sul terreno per caricare l'elettricità. Quindi esploderà senza alcun preavviso.",Elettro,,Antisuono,Scoppio,1.2,66.6,Palla,Minerale,,60,50,70,80,80,140,images/pokemon_101.png,Terra,,,,,,,
102,102,Exeggcute,I,"A causa della grande testa, il suo corpo è molto piccolo. Tuttavia, contiene sei uova che si sviluppano insieme.",Erba,Psico,Clorofilla,Coglibacche,0.4,2.5,,Erba,,60,40,80,60,45,40,images/pokemon_102.png,Fuoco,Ghiaccio,Veleno,Volante,Coleottero,Spettro,Buio
103,103,Exeggutor,I,"Il suo corpo può produrre frutta gustosa, anche se non viene nutrita correttamente. Mangia solo la frutta dell'Alola.",Erba,Psico,Clorofilla,Coglibacche,2.0,120.0,Palma,Erba,,95,95,85,125,75,55,images/pokemon_103.png,Fuoco,Ghiaccio,Veleno,Volante,Coleottero,Spettro,Buio
104,104,Cubone,I,"Indossa un teschio di sua madre sulla testa. La tragedia di Cubone non è mai finita.",Terra,,Testadura,Lottascudo,0.4,6.5,Orfanello,Mostro,,50,50,95,40,50,35,images/pokemon_104.png,Acqua,Erba,Ghiaccio,,,,,
105,105,Marowak,I,"Si dice che abbia perso la sua madre a un giovane e che ora porti il suo cranio in giro.",Terra,,Testadura,Lottascudo,1.0,45.0,Orfanello,Mostro,,60,80,110,50,80,45,images/pokemon_105.png,Acqua,Erba,Ghiaccio,,,,,
106,106,Hitmonlee,I,"Ha la capacità di spaccare un nocciolo con un colpo di piede rotante ad alta velocità.",Lotta,,Scioltezza,Agiltecnica,1.5,49.8,Piedelong,Umanoide,,50,120,53,35,110,87,images/pokemon_106.png,Volante,Psico,Folletto,,,,,
107,107,Hitmonchan,I,"Muove i pugni a velocità incredibile, lanciando pugni veloci in meno di 0,1 secondi.",Lotta,,Sguardofermo,Fuocodentro,1.4,50.2,Pugnabasso,Umanoide,,50,105,79,35,110,76,images/pokemon_107.png,Volante,Psico,Folletto,,,,,
108,108,Lickitung,I,"Può manipolare la sua lingua lunga quasi quanto vuole. La sua saliva contiene sostanze chimiche che inducono il sonno.",Normale,,Mente Locale,Antimeteo,1.2,65.5,Lingua,Mostro,,90,55,75,60,75,30,images/pokemon_108.png,Lotta,,,,,,,
109,109,Koffing,I,"Rilascia gas velenosi che possono fare girare la testa se respirati in eccesso. Agisce come un trivellatore gassoso.",Veleno,,Levitazione,Tanfo,0.6,1.0,Palla,Amorfo,,40,65,95,60,45,35,images/pokemon_109.png,Terra,Psico,,,,,,
110,110,Weezing,I,"Rilascia gas velenosi da tutti i pori. I gas avvelenati si mescolano con l'aria, diventando impossibili da separare.",Veleno,,Levitazione,Tanfo,1.2,9.5,Palla,Amorfo,,65,90,120,85,70,60,images/pokemon_110.png,Terra,Psico,,,,,,
111,111,Rhyhorn,I,"Quando inizia a correre non si ferma neanche se va a sbattere contro un macigno. Per questo il suo habitat ha continuato a ingrandirsi.",Terra,Roccia,Parafulmine,Temerarietà,1.0,115.0,Spinale,Mostro,Campo,80,85,95,30,30,25,images/pokemon_111.png,Acqua,Erba,Ghiaccio,Lotta,Terra,Acciaio,,
112,112,Rhydon,I,"Va testa in testa con un altro Rhydon per capire chi è il più forte. Il vincitore diventa il leader del gruppo.",Terra,Roccia,Parafulmine,Temerarietà,1.9,120.0,Talpa,Mostro,Campo,105,130,120,45,45,40,images/pokemon_112.png,Acqua,Erba,Ghiaccio,Lotta,Terra,Acciaio,,
113,113,Chansey,I,"Un cucciolo soffice e tenero che porta sempre un uovo. Cresce lentamente.",Normale,,Alternacura,Curacuore,1.1,34.6,Uovo,Magico,,250,5,5,35,105,50,images/pokemon_113.png,Lotta,,,,,,,
114,114,Tangela,I,"La lunghezza delle sue viti è proporzionale alla sua età. Si dice che abbia vissuto per 1.000 anni.",Erba,,Clorofilla,Rigenergia,1.0,35.0,Vite,Erba,,65,55,115,100,40,60,images/pokemon_114.png,Fuoco,Veleno,Ghiaccio,Volante,Coleottero,,,
115,115,Kangaskhan,I,"Il giovane dietro di lei è così indipendente che potrebbe vivere da solo da subito.",Normale,,Sveglialampo,Fuocodentro,2.2,80.0,Materno,Mostro,,105,95,80,40,80,90,images/pokemon_115.png,Lotta,,,,,,,
116,116,Horsea,I,"Può sparare acqua attraverso i suoi tubi di aspirazione. Se si sente minacciato, lancerà veleno.",Acqua,,Nuotovelox,Umidità,0.4,8.0,Draghetto,Acqua 1,Drago,30,40,70,70,25,60,images/pokemon_116.png,Erba,Elettro,,,,,,
117,117,Seadra,I,"Quando si sente minacciato, scatena il veleno dal muso. È difficile trovare queste creature in libertà.",Acqua,,Velenopunto,Umidità,1.2,25.0,Draghetto,Acqua 1,Drago,55,65,95,95,45,85,images/pokemon_117.png,Erba,Elettro,,,,,,
118,118,Goldeen,I,"Un Pokémon bello e grazioso, ma anche molto orgoglioso. È affascinato dai colori vivaci e dalle cose luminose.",Acqua,,Nuotovelox,Parafulmine,0.6,15.0,Pesce,Acqua 2,,45,67,60,35,50,63,images/pokemon_118.png,Erba,Elettro,,,,,,
119,119,Seaking,I,"Quando si sente minacciato, nuota in cerchi e rilascia un liquido tossico dal corno.",Acqua,,Nuotovelox,Parafulmine,1.3,39.0,Pesce,Acqua 2,,80,92,65,65,80,68,images/pokemon_119.png,Erba,Elettro,,,,,,
120,120,Staryu,I,"Può sparare raggio laser dall'estremità centrale della sua forma a stella. Questi raggi laser possono sparare attraverso il ferro.",Acqua,,Risplendi,Ponderazione,0.8,34.5,Stella,Acqua 3,,30,45,55,70,55,85,images/pokemon_120.png,Erba,Elettro,,,,,,
121,121,Starmie,I,"Ha abilità di volare nello spazio. La sua forma di stella è così bella da essere considerata una gemma celeste.",Acqua,Psico,Risplendi,Ponderazione,1.1,80.0,Misteriosa,Acqua 3,,60,75,85,100,85,115,images/pokemon_121.png,Erba,Elettro,Coleottero,Spettro,Buio,,,
122,122,Mr. Mime,I,"È un esperto di mimica che, con i gesti, riesce a innalzare pareti che diventano reali.",Psico,Folletto,Antisuono,Tecnico,1.3,54.5,Barriera,Umanoide,,40,45,65,100,120,90,images/pokemon_122.png,Veleno,Spettro,Acciaio,,,,,
123,123,Scyther,I,"È in grado di tagliare il ferro con le lame delle sue zampe. È anche in grado di volare per brevi distanze.",Coleottero,Volante,Aiutinsetto,Cuordeciso,1.5,56.0,Mantide,Coleottero,,70,110,80,55,80,105,images/pokemon_123.png,Fuoco,Elettro,Ghiaccio,Volante,Roccia,,,
124,124,Jynx,I,"Balla con movimenti eleganti. Spesso imita le persone.",Ghiaccio,Psico,Indifferenza,Pellearsa,1.4,40.6,Bacio,Umanoide,,65,50,35,115,95,95,images/pokemon_124.png,Fuoco,Coleottero,Roccia,Spettro,Buio,Acciaio,,
125,125,Electabuzz,I,"Raccoglie l'elettricità in tasche speciali nelle guance. Può lanciare fulmini da 100.000 volt.",Elettro,,Statico,Spiritovivo,1.1,30.0,Elettrico,Umanoide,,65,83,57,95,85,105,images/pokemon_125.png,Terra,,,,,,,
126,126,Magmar,I,"Il suo corpo interno è in grado di produrre calore, che trasforma in fiamme. Le sue braccia incandescenti possono trasformare l'aria in cenere.",Fuoco,,Corpodifuoco,Spiritovivo,1.3,44.5,Sputafuoco,Umanoide,,65,95,57,100,85,93,images/pokemon_126.png,Acqua,Terra,Roccia,,,,,
127,127,Pinsir,I,"Le sue mandibole sono così potenti da poter spezzare il tronco di un albero con un solo morso.",Coleottero,,Ipertaglio,Arroganza,1.5,55.0,Insetto,Coleottero,,65,125,100,55,70,85,images/pokemon_127.png,Fuoco,Volante,Roccia,,,,,
128,128,Tauros,I,"Uno dei pokémon più determinati. Una volta che inizia a correre, non si fermerà finché non si è stancato.",Normale,,Prepotenza,Forzabruta,1.4,88.4,WildBull,Campo,,75,100,95,40,70,110,images/pokemon_128.png,Lotta,,,,,,,
129,129,Magikarp,I,"È completamente indifeso contro gli attacchi. È comunemente trovato in fiumi e stagni.",Acqua,,Nuotovelox,Paura,0.9,10.0,Pesce,Acqua 2,Drago,20,10,55,15,20,80,images/pokemon_129.png,Erba,Elettro,,,,,,
130,130,Gyarados,I,"Quando esce allo scoperto in preda alla furia, non si placa finché non ha raso al suolo ogni cosa.",Acqua,Volante,Prepotenza,Arroganza,6.5,235.0,Atrocità,Acqua 2,Drago,95,125,79,60,100,81,images/pokemon_130.png,Elettro,Roccia,,,,,,
131,131,Lapras,I,"Un amico di Pokémon che trasporta i bambini sull'ampio dorso mentre nuota nell'oceano.",Acqua,Ghiaccio,Assorbacqua,Idratazione,2.5,220.0,Trasporto,Mostro,Acqua 1,130,85,80,85,95,60,images/pokemon_131.png,Erba,Elettro,Lotta,Roccia,,,,
132,132,Ditto,I,"È in grado di trasformarsi in qualsiasi cosa. Se si riproduce con un Pokémon, l'uovo che si schiude sarà sempre un Ditto.",Normale,,Scioltezza,Sosia,0.3,4.0,Trasformazione,Ditto,,48,48,48,48,48,48,images/pokemon_132.png,Lotta,,,,,,,
133,133,Eevee,I,"Si adatta a qualsiasi ambiente, trasformando la sua coda lunga e pelosa in una varietà di forme per adattarsi al clima.",Normale,,Fugafacile,Presagio,0.3,6.5,Evoluzione,Campo,,55,55,50,45,65,55,images/pokemon_133.png,Lotta,,,,,,,
134,134,Vaporeon,I,"Le sue cellule sono composte per resistere a tutte le tossine. Rende l'acqua incontaminata.",Acqua,,Assorbacqua,Idratazione,1.0,29.0,Bolla,Campo,,130,65,60,110,95,65,images/pokemon_134.png,Erba,Elettro,,,,,,
135,135,Jolteon,I,"Ha ricevuto abilità elettriche durante l'evoluzione. È molto veloce nella carica.",Elettro,,Assorbivolt,Piedisvelti,0.8,24.5,Luminoso,Campo,,65,65,60,110,95,130,images/pokemon_135.png,Terra,,,,,,,
136,136,Flareon,I,"Ha una temperatura corporea estremamente alta. Una volta acceso, la sua fiamma non si spegnerà mai.",Fuoco,,Fuocardore,Dentistretti,0.9,25.0,Fiamma,Campo,,65,130,60,95,110,65,images/pokemon_136.png,Acqua,Terra,Roccia,,,,,
137,137,Porygon,I,"Un Pokémon creato dall’uomo con metodi scientifici avanzatissimi. Si muove liberamente nel ciberspazio.",Normale,,Traccia,Ponderazione,0.8,36.5,Virtuale,Minerale,,65,60,70,85,75,40,images/pokemon_137.png,Lotta,,,,,,,
138,138,Omanyte,I,"Si dice che viva 10.000 anni. I suoi gusci sembrano sculture del periodo preistorico.",Roccia,Acqua,Nuotovelox,Sottilguscio,0.4,7.5,Guscio,Acqua 1,Acqua 3,35,40,100,90,55,35,images/pokemon_138.png,Erba,Elettro,Lotta,Terra,,,,
139,139,Omastar,I,"Usa i suoi tentacoli per catturare le prede. È particolarmente bravo a catturare ostriche e altri molluschi.",Roccia,Acqua,Nuotovelox,Sottilguscio,1.0,35.0,Spira,Acqua 1,Acqua 3,70,60,125,115,70,55,images/pokemon_139.png,Erba,Elettro,Lotta,Terra,,,,
140,140,Kabuto,I,"Un Pokémon ancestrale che è stato rianimato da fossili. Usa le sue zampe per aggredire il nemico.",Roccia,Acqua,Nuotovelox,Sottilguscio,0.5,11.5,Corazza,Acqua 1,Acqua 3,30,80,90,55,45,55,images/pokemon_140.png,Erba,Elettro,Lotta,Terra,,,,
141,141,Kabutops,I,"Un predatore feroce del passato. Usa le sue lunghe zampe per afferrare e disabilitare la preda.",Roccia,Acqua,Nuotovelox,Sottilguscio,1.3,40.5,Lama,Acqua 1,Acqua 3,60,115,105,65,70,80,images/pokemon_141.png,Erba,Elettro,Lotta,Terra,,,,
142,142,Aerodactyl,I,"Un Pokémon primitivo che vola con ali membranose. Sembra simile a un pterosauro.",Roccia,Volante,Testadura,Agitazione,1.8,59.0,Fossile,Volante,,80,105,65,60,75,130,images/pokemon_142.png,Acqua,Elettro,Ghiaccio,Roccia,Acciaio,,,
143,143,Snorlax,I,"È estremamente pigro. Cresce solo se mangia e dorme. Si dice che le persone lo facciano letteralmente cadere a pezzi per farlo muovere.",Normale,,Immunità,Voracità,2.1,460.0,Pigro,Mostro,,160,110,65,65,110,30,images/pokemon_143.png,Lotta,,,,,,,
144,144,Articuno,I,"Un Pokémon leggendario con un'aura di grazia. Ha il potere di congelare l'umidità nell'aria intorno a lui.",Ghiaccio,Volante,Pressione,Nessuna,1.7,55.4,Ghiaccio,Sconosciuto,,90,85,100,95,125,85,images/pokemon_144.png,Fuoco,Elettro,Roccia,Acciaio,,,,
145,145,Zapdos,I,"È un Pokémon leggendario che governa fulmini e temporali. Si dice che abbia causato temporali mentre vola.",Elettro,Volante,Pressione,Nessuna,1.6,52.6,Elettricità,Sconosciuto,,90,90,85,125,90,100,images/pokemon_145.png,Ghiaccio,Roccia,,,,,,
146,146,Moltres,I,"Un Pokémon leggendario con un'intensa fiamma. In grado di bruciare anche l'aria.",Fuoco,Volante,Pressione,Nessuna,2.0,60.0,Fiamma,Sconosciuto,,90,100,90,125,85,90,images/pokemon_146.png,Acqua,Elettro,Roccia,,,,,
147,147,Dratini,I,"Vive nei corsi d'acqua dove è calmo. Deve trasformarsi in uno spettacolare Drago perché è timido.",Drago,,Muta,Pelledura,1.8,3.3,Draghetto,Drago,Acqua 1,41,64,45,50,50,50,images/pokemon_147.png,Ghiaccio,Drago,Folletto,,,,,
148,148,Dragonair,I,"Un lungo e sinuoso Drago Pokémon. Viaggia attraverso le onde dell'aria su ali magiche.",Drago,,Muta,Pelledura,4.0,16.5,Drago,Drago,Acqua 1,61,84,65,70,70,70,images/pokemon_148.png,Ghiaccio,Drago,Folletto,,,,,
149,149,Dragonite,I,"Un Pokémon da leggenda. È considerato un drago benevolo che aiuta chi è in difficoltà in mare.",Drago,Volante,Fuocodentro,Multisquame,2.2,210.0,Drago,Drago,Acqua 1,91,134,95,100,100,80,images/pokemon_149.png,Ghiaccio,Roccia,Drago,Folletto,,,,
150,150,Mewtwo,I,"È stato creato utilizzando il DNA di Mew. È un Pokémon pensante e autonomo.",Psico,,Pressione,Nessuna,2.0,122.0,Genetico,Sconosciuto,,106,110,90,154,90,130,images/pokemon_150.png,Coleottero,Spettro,Buio,,,,,
151,151,Mew,I,"Viaggia attraverso le onde dell'aria su ali magiche.",Psico,,Sincronismo,Nessuna,0.4,4.0,Novaspecie,Sconosciuto,,100,100,100,100,100,100,images/pokemon_151.png,Coleottero,Spettro,Buio,,,,,
